"ID","MODEL","PAR1","PAR2","PAR3"
"ITEM1","3PL",1.5324408373,-1.4602343587,0.1461107792
"ITEM2","3PL",1.1830838759,-2.0327621043,0.2112880945
"ITEM3","3PL",1.2938022507,-0.7749846782,0.1784143775
"ITEM4","3PL",0.9663640912,0.3350572733,0.2177017462
"ITEM5","3PL",1.5191547468,0.9354857698,0.2916356064
"ITEM6","3PL",1.0811239752,-0.1024264582,0.1875431528
"ITEM7","3PL",1.5355497886,-1.8968873094,0.1856590515
"ITEM8","3PL",0.984798876,0.211777457,0.1859326804
"ITEM9","3PL",0.9863802591,-0.7372507245,0.2221479724
"ITEM10","3PL",1.0308672456,-2.9039145214,0.180493128
"ITEM11","3PL",1.4490081159,-0.2034118641,0.1593018411
"ITEM12","3PL",1.2303328091,0.2750944273,0.1186269579
"ITEM13","3PL",2.0633150152,2.9517010133,0.4463690939
"ITEM14","3PL",1.8456038202,-0.6986643745,0.3883362806
"ITEM15","3PL",1.5622200456,0.2161693027,0.1678671789
"ITEM16","3PL",1.4015872552,-2.0521069807,0.1987028054
"ITEM17","3PL",1.0156869493,-2.0810850173,0.2655775052
"ITEM18","3PL",1.4262244416,-1.4638193664,0.2177023504
"ITEM19","3PL",1.8414899571,-0.1007792612,0.1926826079
"ITEM20","3PL",1.5361804129,2.1998834405,0.2549557106
"ITEM21","3PL",2.4099923146,-0.56470741,0.2217564903
"ITEM22","3PL",1.7377890098,0.9993532274,0.1103613382
"ITEM23","3PL",1.8995458285,1.0820014337,0.3633635401
"ITEM24","3PL",1.6423678241,-0.3974528529,0.2186263791
"ITEM25","3PL",1.0896804791,-1.918523752,0.1714930293
"ITEM26","3PL",1.1263982788,0.1246963768,0.2177110566
"ITEM27","3PL",0.8987840348,-0.8041700669,0.2450990749
"ITEM28","3PL",0.8938462418,-2.0328427605,0.2944634435
"ITEM29","3PL",1.2176633178,0.4252296293,0.2454796743
"ITEM30","3PL",1.19996588,0.3157611829,0.1827727013
"ITEM31","3PL",0.5066762389,-0.4948733109,0.2516197035
"ITEM32","3PL",1.9672566362,0.3664624868,0.1660353556
"ITEM33","3PL",1.0763683756,-1.0028341469,0.2855846063
"ITEM34","3PL",1.850481959,-0.2134692791,0.3035278916
"ITEM35","3PL",0.9400824771,-2.8987214537,0.1967775555
"ITEM36","3PL",1.4580746805,0.0569140798,0.1992370962
"ITEM37","3PL",1.2933966801,-0.9707598208,0.2272695512
"ITEM38","3PL",1.1358875395,-2.1808039018,0.1159709944
"ITEM39","3PL",0.8975360881,-1.4558504192,0.226619462
"ITEM40","3PL",1.448095801,1.4775830511,0.1420546799
"ITEM41","3PL",1.1462459917,0.7151043179,0.1614955663
"ITEM42","3PL",2.0531983055,0.7708142913,0.2948238717
"ITEM43","3PL",1.8580739633,-0.5198415618,0.1321853844
"ITEM44","3PL",1.7050909472,0.8205756056,0.1453951685
"ITEM45","3PL",0.9286635762,0.0658615861,0.1928366468
"ITEM46","3PL",1.3522180235,-0.3137808971,0.2569774871
"ITEM47","3PL",1.8152199153,0.9969893465,0.252538235
"ITEM48","3PL",0.866107985,-0.3074598009,0.1647694894
"ITEM49","3PL",1.6327075273,1.9862088851,0.3263470941
"ITEM50","3PL",1.554515264,0.2687605705,0.2755669342
"ITEM51","3PL",1.3498340614,-0.2271773802,0.2896552652
"ITEM52","3PL",1.7074628842,0.6631112069,0.2708373635
"ITEM53","3PL",1.2136813804,-0.6254155327,0.213280864
"ITEM54","3PL",1.0571187637,-0.6263172461,0.2465159398
"ITEM55","3PL",1.515352889,-0.7095808409,0.2306748439
"ITEM56","3PL",1.2369835539,-0.1470428106,0.1660181443
"ITEM57","3PL",1.7198654994,-1.5545282475,0.0902439448
"ITEM58","3PL",0.9846852692,-0.43968863,0.1814675569
"ITEM59","3PL",0.9335259243,-1.1774564658,0.1988539956
"ITEM60","3PL",0.6315983238,-0.3265935467,0.1379236958
"ITEM61","3PL",1.5084019872,-2.0584706243,0.206009043
"ITEM62","3PL",1.0156259393,-0.572568315,0.2082650968
"ITEM63","3PL",1.3859110539,-1.928687966,0.2104312104
"ITEM64","3PL",1.3137517864,-0.826302446,0.2048823763
"ITEM65","3PL",0.89366752,-1.7190728679,0.2495403554
"ITEM66","3PL",1.4296877881,0.3160219815,0.1666174796
"ITEM67","3PL",0.5831674145,0.5073039692,0.2205790403
"ITEM68","3PL",0.9266176181,-1.3944857375,0.1926461635
"ITEM69","3PL",0.9119623399,-1.8983309482,0.1237664617
"ITEM70","3PL",1.7498157372,0.9940200608,0.1812800433
"ITEM71","3PL",1.1945397454,-1.9763571764,0.1475472429
"ITEM72","3PL",1.0165048016,1.2920066567,0.2597139195
"ITEM73","3PL",1.6841628161,0.9126338809,0.2941484176
"ITEM74","3PL",1.2196128422,-0.7414873629,0.2434719651
"ITEM75","3PL",1.6398887724,0.7295657976,0.2997115233
"ITEM76","3PL",1.3864958856,-0.1960435561,0.2026738376
"ITEM77","3PL",0.5253636907,-2.5465833323,0.1075762954
"ITEM78","3PL",1.0129459046,-0.8078604712,0.0718556577
"ITEM79","3PL",1.0064703422,-1.4491161354,0.1183726816
"ITEM80","3PL",1.2231707212,-0.0513512337,0.2011711939
"ITEM81","3PL",1.6641930117,-1.6742360111,0.1457516062
"ITEM82","3PL",1.1452271392,-1.2628351858,0.164989735
"ITEM83","3PL",0.6100120974,0.2806203121,0.1817293825
"ITEM84","3PL",1.6352993577,0.2261114359,0.2688378801
"ITEM85","3PL",1.6093785826,-0.6179642749,0.2127733065
"ITEM86","3PL",0.9191923144,0.0474978985,0.2840378803
"ITEM87","3PL",2.2880801555,0.4394424136,0.3174518758
"ITEM88","3PL",0.975693633,-1.6723122753,0.151513192
"ITEM89","3PL",1.4191230941,-1.2750451052,0.2823661321
"ITEM90","3PL",1.1347775653,1.3505389157,0.2901619174
"ITEM91","3PL",1.1012249723,-0.491612806,0.0620017386
"ITEM92","3PL",2.0485075189,0.2819644227,0.2677472435
"ITEM93","3PL",1.8162020376,0.2747014776,0.2327290069
"ITEM94","3PL",0.5216181251,-2.2873267121,0.2896371735
"ITEM95","3PL",0.7151530918,-3.1626303391,0.0652619985
"ITEM96","3PL",1.7202751691,1.8540486356,0.316879378
"ITEM97","3PL",1.882636392,-0.5474005887,0.2300629651
"ITEM98","3PL",1.3155497804,0.7970048041,0.3555623994
"ITEM99","3PL",1.1645575082,-0.8544130147,0.1132019882
"ITEM100","3PL",1.3313457154,0.828279354,0.2196907985
"ITEM101","3PL",1.9018524553,0.3378985495,0.2777200903
"ITEM102","3PL",1.3484924098,-0.0485126217,0.1902442587
"ITEM103","3PL",0.4374010429,-1.7104569125,0.156765008
"ITEM104","3PL",0.7044245219,-1.649623665,0.2836130302
"ITEM105","3PL",1.4043826246,-1.0145501161,0.2198253877
"ITEM106","3PL",1.3100418445,-0.6316975042,0.1729791718
"ITEM107","3PL",1.8691383897,-0.4455567017,0.1765959069
"ITEM108","3PL",0.88109903,-0.9534407366,0.118139742
"ITEM109","3PL",1.7729154502,-1.1522786405,0.1141602153
"ITEM110","3PL",1.3852757334,1.8992188836,0.1860752166
"ITEM111","3PL",0.8920224727,-1.8477033339,0.177710231
"ITEM112","3PL",1.23048456,1.3476544125,0.2499269921
"ITEM113","3PL",0.7455983788,-2.0967681315,0.1128696725
"ITEM114","3PL",1.9380867308,-0.1234529386,0.2864908176
"ITEM115","3PL",1.2675803726,-1.2059945952,0.1156313749
"ITEM116","3PL",2.0996167032,2.0592374594,0.3314548626
"ITEM117","3PL",1.8528776012,0.3342113875,0.2167784492
"ITEM118","3PL",1.6670147851,-2.0035215666,0.1623852635
"ITEM119","3PL",0.9832718884,-2.6200260961,0.1748817704
"ITEM120","3PL",1.0262606493,-2.3455252028,0.2268937685
"ITEM121","3PL",1.4648466805,0.1820163275,0.1839427837
"ITEM122","3PL",1.4671629613,-0.3618426223,0.1168946861
"ITEM123","3PL",1.1662387542,-0.2227269766,0.2320260435
"ITEM124","3PL",1.2106084315,-2.0993260385,0.1437384805
"ITEM125","3PL",1.3073485427,-1.1498677708,0.1441430286
"ITEM126","3PL",1.4739010464,0.2319984005,0.2599244744
"ITEM127","3PL",1.4228519224,-1.0582683745,0.1318756978
"ITEM128","3PL",1.2154054838,-2.5832605367,0.1862821912
"ITEM129","3PL",1.5246552406,0.0993673055,0.1308376767
"ITEM130","3PL",1.0443500046,-1.3781317231,0.1151484513
"ITEM131","3PL",2.294320393,-0.2062662131,0.2357995162
"ITEM132","3PL",0.9747242732,-2.5264846307,0.2534543818
"ITEM133","3PL",1.2404313341,-1.4288956796,0.1731879384
"ITEM134","3PL",1.4983518183,-0.3749225095,0.2909579958
"ITEM135","3PL",0.7724452942,-0.7910789455,0.1624688905
"ITEM136","3PL",1.2287519817,-0.6045029611,0.1339650178
"ITEM137","3PL",0.3864428612,-3.1197176663,0.1962992853
"ITEM138","3PL",1.4197500782,0.5511050137,0.2046633436
"ITEM139","3PL",1.0983243864,-0.3551406831,0.1578599095
"ITEM140","3PL",1.0716910318,-1.9223533472,0.1612375723
"ITEM141","3PL",2.0578835955,0.408762243,0.1744402134
"ITEM142","3PL",1.6092275782,-0.5647314206,0.2918377975
"ITEM143","3PL",1.6224621408,0.4517191202,0.0667661115
"ITEM144","3PL",1.0186753069,-0.8002578811,0.1890327723
"ITEM145","3PL",0.9679894532,-0.0003220958,0.2950463665
"ITEM146","3PL",1.4785141795,-1.4345969068,0.1384176971
"ITEM147","3PL",2.2185768338,0.5057356945,0.1445596817
"ITEM148","3PL",1.3248444593,-1.91154831,0.1920143616
"ITEM149","3PL",2.1400254553,-1.9219939618,0.1687061737
"ITEM150","3PL",1.8098783448,-0.9276547884,0.4132392633
"ITEM151","3PL",0.2751789228,-2.5398293555,0.2483692187
"ITEM152","3PL",1.5534707299,0.6843714459,0.2989602424
"ITEM153","3PL",0.9907606743,0.5226422785,0.2826598134
"ITEM154","3PL",1.7545828212,0.0851925111,0.2077519366
"ITEM155","3PL",1.4747625132,0.4834397844,0.1390175012
"ITEM156","3PL",1.5671074432,-0.8082994438,0.162779281
"ITEM157","3PL",1.8843329299,-2.3464812263,0.1953652492
"ITEM158","3PL",1.1112223104,-2.8503448767,0.1233505924
"ITEM159","3PL",1.2571533225,0.6666506047,0.3170018879
"ITEM160","3PL",0.6698211812,-0.5545320781,0.3198615041
"ITEM161","3PL",1.401179261,2.0460457483,0.1690661225
"ITEM162","3PL",1.928802207,0.9153889641,0.3785108431
"ITEM163","3PL",2.3503210987,2.3612726493,0.2297845826
"ITEM164","3PL",1.7386263235,0.1720222528,0.2415875032
"ITEM165","3PL",1.3714743923,0.3668704668,0.1670060489
"ITEM166","3PL",1.1906431512,-0.8747545431,0.1225863495
"ITEM167","3PL",1.1264920928,1.0812752519,0.2572547051
"ITEM168","3PL",1.3641853009,-0.1951654997,0.1585571249
"ITEM169","3PL",1.3138872126,-2.6257216424,0.3323526258
"ITEM170","3PL",1.6987688538,-0.1307962634,0.3323057961
"ITEM171","3PL",1.1425015029,-1.0516804017,0.3504867543
"ITEM172","3PL",1.6331726741,2.0736652316,0.1660236694
"ITEM173","3PL",0.7188130243,-0.312371225,0.2101676781
"ITEM174","3PL",0.8901022351,-0.4438932786,0.2289472542
"ITEM175","3PL",0.8218660953,-1.7014114701,0.1576388164
"ITEM176","3PL",1.2103781018,0.5917969814,0.2433234898
"ITEM177","3PL",1.2333346619,0.2123130134,0.2077291489
"ITEM178","3PL",2.1634889507,1.0506770735,0.1334822466
"ITEM179","3PL",1.4642781058,1.0840843321,0.1747878347
"ITEM180","3PL",1.3130907696,0.2923991537,0.1344006049
"ITEM181","3PL",1.3537311303,-0.9950849937,0.1742527886
"ITEM182","3PL",0.7808503242,-3.5842055962,0.1156362053
"ITEM183","3PL",0.4351928562,-2.3073506452,0.2079483838
"ITEM184","3PL",1.1574824561,-1.5195255442,0.242279287
"ITEM185","3PL",1.1167165581,-1.5001430758,0.207476578
"ITEM186","3PL",1.3334308358,0.5080157755,0.1611570387
"ITEM187","3PL",1.3629562356,-1.2858077621,0.207733023
"ITEM188","3PL",1.1557312914,-0.0350607292,0.3322538335
"ITEM189","3PL",1.3004450328,-0.0955686603,0.2530771729
"ITEM190","3PL",1.0648129053,-1.3160108918,0.2858831907
"ITEM191","3PL",1.3152738533,0.1632075033,0.1143982703
"ITEM192","3PL",1.5638824691,-0.7379613514,0.2464988901
"ITEM193","3PL",1.0459058928,-0.9017758417,0.1897491393
"ITEM194","3PL",1.2765774541,0.1678662539,0.1347174442
"ITEM195","3PL",1.5212316383,-1.0633208213,0.1472851383
"ITEM196","3PL",0.4377074487,-1.1751947595,0.2641513984
"ITEM197","3PL",1.4649084266,-2.6270883625,0.1420725996
"ITEM198","3PL",1.2827800712,1.1476142823,0.1975906809
"ITEM199","3PL",1.7638922582,0.5511421877,0.3487521661
"ITEM200","3PL",1.2174706191,-0.6713250042,0.1664614699
"ITEM201","3PL",1.2963915337,0.2794799859,0.2833237904
"ITEM202","3PL",1.249565984,-0.5845471108,0.3234315691
"ITEM203","3PL",0.857934376,0.4828631735,0.2072838269
"ITEM204","3PL",0.9846319869,0.393409632,0.1826788867
"ITEM205","3PL",1.6542052468,0.3983890652,0.2466634521
"ITEM206","3PL",1.6584856325,0.9248978072,0.2242069357
"ITEM207","3PL",1.8936094953,1.1560611525,0.2040887596
"ITEM208","3PL",0.6812693596,-1.0507824488,0.1904302213
"ITEM209","3PL",1.5999197918,-0.6685245063,0.2011703107
"ITEM210","3PL",1.1542189135,-0.7040881907,0.2735633311
"ITEM211","3PL",1.5338753807,0.5697887661,0.1971771759
"ITEM212","3PL",0.5706999464,-0.5161442335,0.3953180413
"ITEM213","3PL",1.2978010612,-2.0993561735,0.1422948875
"ITEM214","3PL",1.6102705694,1.3320875164,0.1689764061
"ITEM215","3PL",1.0702032404,-1.7592885039,0.3962321823
"ITEM216","3PL",1.4643846224,-0.7540862477,0.1541049741
"ITEM217","3PL",0.9517978957,1.1402863189,0.147369127
"ITEM218","3PL",1.399100043,1.4542342187,0.1711188512
"ITEM219","3PL",0.7260741175,-1.8962885894,0.1508719772
"ITEM220","3PL",0.4695189923,-0.739512317,0.3123839694
"ITEM221","3PL",1.2694884702,0.6110717666,0.2079354732
"ITEM222","3PL",1.0148293336,-0.4400308535,0.1661506538
"ITEM223","3PL",1.4563849113,2.2950344225,0.1613205428
"ITEM224","3PL",1.1358051138,-2.7018917201,0.2099116384
"ITEM225","3PL",0.9827033728,-2.1882925357,0.0947346515
"ITEM226","3PL",1.3351177013,-0.2289642021,0.1578597362
"ITEM227","3PL",1.6128520712,0.6860195346,0.2047697983
"ITEM228","3PL",1.0600988483,0.5898204232,0.2505120823
"ITEM229","3PL",1.7087367981,1.184605814,0.2654522666
"ITEM230","3PL",1.3067814626,-0.2132201945,0.175309439
"ITEM231","3PL",0.9635285324,0.6500131792,0.1075111447
"ITEM232","3PL",1.4516479803,-0.2617356305,0.0912664438
"ITEM233","3PL",1.0462142181,-2.5324537286,0.2283092037
"ITEM234","3PL",0.7802193314,-2.5936805536,0.1414271182
"ITEM235","3PL",1.2208950765,-1.1451192303,0.1300556836
"ITEM236","3PL",1.7791996562,1.1809261757,0.3968434035
"ITEM237","3PL",1.2643747118,-1.7788830064,0.1619649224
"ITEM238","3PL",1.0255275691,-0.0831538698,0.1752530893
"ITEM239","3PL",0.9111520332,0.2724007916,0.2241312681
"ITEM240","3PL",1.3571805718,-0.7177423412,0.176570307
"ITEM241","3PL",1.340421013,-0.1021199642,0.1521388205
"ITEM242","3PL",1.1889094685,0.9251811679,0.1471651781
"ITEM243","3PL",1.4952869059,-0.6880967788,0.1888520705
"ITEM244","3PL",1.4959481774,0.502423147,0.1284309178
"ITEM245","3PL",1.5824533179,-0.9084739664,0.1801029773
"ITEM246","3PL",0.6944740247,0.3112184834,0.1043655406
"ITEM247","3PL",1.0759741372,-0.3398586631,0.2263420845
"ITEM248","3PL",1.7541451048,-0.3510542389,0.1723990355
"ITEM249","3PL",1.125684314,-0.4738572041,0.373728709
"ITEM250","3PL",1.3675968827,0.1272512307,0.1945708641
"ITEM251","3PL",1.7842833555,-2.7563456379,0.2231889216
"ITEM252","3PL",1.9654353748,-0.3472321758,0.2780027856
"ITEM253","3PL",1.2713487592,1.7557919368,0.1374841628
"ITEM254","3PL",0.8525822251,-0.6143226873,0.3298923497
"ITEM255","3PL",1.1907644006,-1.3749124042,0.1653455294
"ITEM256","3PL",1.381700713,-1.2084622496,0.242727276
"ITEM257","3PL",0.6271889987,-1.3066011496,0.2498220789
"ITEM258","3PL",1.824420514,0.3231165512,0.2701254251
"ITEM259","3PL",1.6471039185,-0.1496644704,0.1947139853
"ITEM260","3PL",1.388581619,0.5668798125,0.1611484952
"ITEM261","3PL",1.6747196342,-0.6390679996,0.1916750847
"ITEM262","3PL",0.868808327,-0.6716032586,0.1931381054
"ITEM263","3PL",1.1670757887,1.4409626992,0.3413461202
"ITEM264","3PL",1.4937750855,-1.0422692268,0.1134131187
"ITEM265","3PL",1.3799771931,-0.4305433268,0.1198733576
"ITEM266","3PL",1.1099258665,-0.7206530785,0.3221176531
"ITEM267","3PL",0.7065089896,-0.1971745432,0.1732791625
"ITEM268","3PL",0.7129526945,-0.9513034778,0.1364778667
"ITEM269","3PL",1.3337942927,-2.3017062175,0.2688095195
"ITEM270","3PL",1.7782559796,-1.8962891023,0.134334112
"ITEM271","3PL",0.4918850088,0.0487682579,0.2562362314
"ITEM272","3PL",0.8043376109,0.0253724628,0.1530708536
"ITEM273","3PL",1.6134329068,-0.7364719718,0.2705047433
"ITEM274","3PL",1.4679405494,0.2029349976,0.2783152155
"ITEM275","3PL",1.8849053609,0.2545379392,0.1469887708
"ITEM276","3PL",0.6495037126,0.0170272313,0.1842928347
"ITEM277","3PL",1.1594887116,0.1754097379,0.104576065
"ITEM278","3PL",1.4375957468,1.8594689447,0.1225204853
"ITEM279","3PL",1.5953962165,-0.9906201658,0.1469292227
"ITEM280","3PL",1.3917519893,-2.5388309426,0.181065995
"ITEM281","3PL",1.4815070056,0.8806192511,0.2248224587
"ITEM282","3PL",1.9068695983,-2.7332068541,0.0865242757
"ITEM283","3PL",1.0668271482,-1.8236853484,0.1157295403
"ITEM284","3PL",1.3842634162,-1.3764821017,0.2726666769
"ITEM285","3PL",1.375095987,1.8292202321,0.3083777773
"ITEM286","3PL",0.8005626024,-1.9429250218,0.1475854341
"ITEM287","3PL",0.8214412396,-2.5316480322,0.1316907489
"ITEM288","3PL",1.1336695798,-1.5458781664,0.2111596152
"ITEM289","3PL",1.0416055332,-0.5336071594,0.1468077697
"ITEM290","3PL",1.4457200599,-2.9095685514,0.0902364886
"ITEM291","3PL",0.8853417092,-2.4344067633,0.1041268422
"ITEM292","3PL",0.9778590125,-0.4449236445,0.2150178187
"ITEM293","3PL",1.5200520694,-3.0343585429,0.1937658908
"ITEM294","3PL",1.708318549,-0.489027666,0.1672671602
"ITEM295","3PL",1.0409359077,0.6688310898,0.2547523644
"ITEM296","3PL",1.3807322454,-0.0382000647,0.2389491916
"ITEM297","3PL",1.4269196205,-1.3319699859,0.1662607323
"ITEM298","3PL",1.2413930732,-1.4668780683,0.224205603
"ITEM299","3PL",1.0471129558,-0.1903289483,0.198795919
"ITEM300","3PL",0.9856927935,1.5093001391,0.225219227
"ITEM301","3PL",2.0585643566,1.5716693456,0.3577313674
"ITEM302","3PL",1.2231537068,-1.0284244245,0.2346619659
"ITEM303","3PL",0.8764720186,-0.3559719943,0.248459606
"ITEM304","3PL",1.3114660275,0.1681600449,0.1665675584
"ITEM305","3PL",0.9680847483,-1.9490453066,0.2475342261
"ITEM306","3PL",1.4337529158,0.1273259512,0.1164414518
"ITEM307","3PL",0.71186158,-0.9654619542,0.2966649437
"ITEM308","3PL",0.8740733041,-2.6732148597,0.1100913075
"ITEM309","3PL",1.733116193,0.6948810736,0.1947347113
"ITEM310","3PL",0.9980980353,-0.3954597886,0.264754252
"ITEM311","3PL",1.8558861944,-0.2460615414,0.232450623
"ITEM312","3PL",0.9869263522,-0.0376180427,0.1588128711
"ITEM313","3PL",1.2527718533,-1.1959410716,0.2100520984
"ITEM314","3PL",1.0102580439,-0.5385013818,0.1489464292
"ITEM315","3PL",2.0314056377,-0.0587161878,0.2455187749
"ITEM316","3PL",1.1808324251,-1.3224797856,0.1599601984
"ITEM317","3PL",1.3388757923,-0.5932477272,0.2645998339
"ITEM318","3PL",1.3935506232,-0.8776596982,0.1933418421
"ITEM319","3PL",1.3577996403,-3.0173981074,0.1259569827
"ITEM320","3PL",1.6797942568,0.3720707313,0.1763219163
"ITEM321","3PL",0.9333159542,0.0824261846,0.1740685362
"ITEM322","3PL",1.0772116657,-0.1464350219,0.1328233528
"ITEM323","3PL",1.0014527787,-1.532607128,0.2905396409
"ITEM324","3PL",2.0452867654,-0.7234472274,0.20185834
"ITEM325","3PL",1.4625855188,-1.7158299984,0.2158859542
"ITEM326","3PL",2.4896498057,-0.7906543259,0.1238793517
"ITEM327","3PL",0.8746622226,-0.2340998095,0.1631142278
"ITEM328","3PL",1.1825806023,-0.6887051513,0.1536288606
"ITEM329","3PL",0.6791956116,-0.3989148332,0.2188624076
"ITEM330","3PL",0.648550604,-1.3598757071,0.1277503823
"ITEM331","3PL",1.6972170564,-0.7572459934,0.1879649404
"ITEM332","3PL",1.092279159,0.0421327307,0.2947023674
"ITEM333","3PL",1.002928959,-0.970842769,0.143333819
"ITEM334","3PL",2.0813770367,2.0619551143,0.2141671455
"ITEM335","3PL",1.4976061694,-0.1682863167,0.1565202992
"ITEM336","3PL",0.691408444,-0.6812152002,0.1878325342
"ITEM337","3PL",1.4292216982,0.9981617018,0.1464310168
"ITEM338","3PL",0.8138612428,-1.2413671672,0.2391307788
"ITEM339","3PL",1.4505877622,0.79160958,0.2859620792
"ITEM340","3PL",1.078078095,0.1708105146,0.1993942695
"ITEM341","3PL",1.5023519008,-0.0964519433,0.3255352079
"ITEM342","3PL",1.4514318213,1.1494675187,0.1745600766
"ITEM343","3PL",1.3669642905,-0.1385577918,0.1887603813
"ITEM344","3PL",1.5536342007,-2.145483737,0.1314821227
"ITEM345","3PL",1.6665441066,-1.0405952788,0.1226629996
"ITEM346","3PL",1.3812621459,0.1497968524,0.2108224926
"ITEM347","3PL",0.889624734,-0.8451075002,0.37217479
"ITEM348","3PL",1.2148043791,0.106070832,0.1454279481
"ITEM349","3PL",1.3445842356,-1.0519842136,0.3133538598
"ITEM350","3PL",1.1322339525,-0.8015669209,0.2228884545
"ITEM351","3PL",1.0228474443,-1.9541029699,0.074870527
"ITEM352","3PL",1.0814398011,-0.0633965022,0.1786371497
"ITEM353","3PL",1.912442929,-1.8869833407,0.135126047
"ITEM354","3PL",1.2056823421,-2.3515991689,0.2417731023
"ITEM355","3PL",1.106262568,-1.0869837787,0.1191531052
"ITEM356","3PL",1.7793222431,0.6980867869,0.2849984215
"ITEM357","3PL",1.3376908461,0.6159576278,0.2623125565
"ITEM358","3PL",1.0889493341,-2.9376631731,0.1652194474
"ITEM359","3PL",1.5669678787,-0.4434765258,0.3456528538
"ITEM360","3PL",1.2226090427,-2.2743442734,0.2015577366
"ITEM361","3PL",0.4886910944,-2.5276717631,0.17897881
"ITEM362","3PL",1.6387827439,0.2698032925,0.2524105646
"ITEM363","3PL",1.6512785318,-0.3866611062,0.1662536663
"ITEM364","3PL",0.7747223068,-1.4685007359,0.2378348075
"ITEM365","3PL",1.3052435403,0.2124623287,0.1067269061
"ITEM366","3PL",1.351066401,-0.8311377987,0.4445168136
"ITEM367","3PL",1.4727456986,-2.0283292906,0.223229876
"ITEM368","3PL",1.3570037717,-0.7241618437,0.2308201118
"ITEM369","3PL",1.1675796414,-2.1258819681,0.129751943
"ITEM370","3PL",1.2086156266,-2.7130381895,0.1899804613
"ITEM371","3PL",1.4445357708,-0.3784964802,0.1508438883
"ITEM372","3PL",0.6200464464,-0.9120426483,0.1020451516
"ITEM373","3PL",1.8301767833,-2.1885741733,0.2276683912
"ITEM374","3PL",0.9353919153,-0.9863586472,0.1336581088
"ITEM375","3PL",1.2804255632,-1.8947160308,0.2453532582
"ITEM376","3PL",1.0485048387,-0.8008263543,0.0707121475
"ITEM377","3PL",1.3510367192,-0.2965795331,0.3275778545
"ITEM378","3PL",1.5374428583,-1.2647422194,0.3560053671
"ITEM379","3PL",1.7278704942,1.3670705874,0.3314515803
"ITEM380","3PL",1.638974231,-0.2362295763,0.2175526816
"ITEM381","3PL",0.885075538,-0.2588577571,0.2957435108
"ITEM382","3PL",1.6117926304,0.8419675746,0.233101715
"ITEM383","3PL",1.065563866,-2.1106995097,0.1595678435
"ITEM384","3PL",1.0354276704,-0.1374918717,0.1445010889
"ITEM385","3PL",0.9379156453,-1.9417759347,0.112055118
"ITEM386","3PL",1.2362521909,0.2421327436,0.1649141724
"ITEM387","3PL",0.8018131491,0.4810659189,0.220860773
"ITEM388","3PL",1.4035388584,0.3897888548,0.2837227412
"ITEM389","3PL",0.999296889,0.4381578676,0.3121626083
"ITEM390","3PL",1.426728592,1.2383401754,0.3514620488
"ITEM391","3PL",1.7020976685,1.2522051784,0.2095943808
"ITEM392","3PL",0.9643800025,-0.190157274,0.2444643022
"ITEM393","3PL",1.2187080805,-2.0384092197,0.1962826619
"ITEM394","3PL",1.2730657315,-0.1758672786,0.1953217071
"ITEM395","3PL",0.8896610398,-2.0538960184,0.099284787
"ITEM396","3PL",1.4087390052,-1.1771339234,0.1610057124
"ITEM397","3PL",1.2793701274,-0.4164503781,0.1770347858
"ITEM398","3PL",1.2000530967,-1.8143316671,0.2036869534
"ITEM399","3PL",1.2958448724,-0.2272852561,0.2214139504
"ITEM400","3PL",1.782031939,0.4515127954,0.3131539506
"ITEM401","3PL",1.0999229535,-1.2910840419,0.1701378942
"ITEM402","3PL",0.8021890224,-1.348349691,0.1540270097
"ITEM403","3PL",1.4580155013,0.4139894194,0.1364275747
"ITEM404","3PL",1.6828089321,-0.1569846931,0.2305271577
"ITEM405","3PL",1.6074729088,-0.3932165659,0.2695685817
"ITEM406","3PL",1.7324901227,-1.5782756124,0.1955757391
"ITEM407","3PL",1.4089162516,1.249844728,0.2883511663
"ITEM408","3PL",0.843266737,-0.9376799068,0.1517964512
"ITEM409","3PL",1.6382904387,-0.5009020695,0.1907793621
"ITEM410","3PL",1.9853856355,0.537479095,0.3041933579
"ITEM411","3PL",1.1025706056,1.1218932289,0.2142902283
"ITEM412","3PL",1.3661323832,0.1497446664,0.2502660921
"ITEM413","3PL",0.9216182332,-0.0814413592,0.1703233534
"ITEM414","3PL",0.9407477387,-0.1647585958,0.1661555012
"ITEM415","3PL",1.3803099812,-0.2796881336,0.0927626568
"ITEM416","3PL",0.7884670405,0.5204465197,0.2357260286
"ITEM417","3PL",1.0597268629,-0.7388163701,0.1994271614
"ITEM418","3PL",0.9128727981,-0.5633423353,0.2510353662
"ITEM419","3PL",1.2707853869,0.397733996,0.2243163918
"ITEM420","3PL",1.9371506339,-1.336635434,0.1580678368
"ITEM421","3PL",1.0158273224,0.9504338468,0.2706775524
"ITEM422","3PL",1.2822399185,0.4783213247,0.2618201914
"ITEM423","3PL",1.3227704456,-1.1487380297,0.1420065111
"ITEM424","3PL",0.9284549892,-0.9589067404,0.127836482
"ITEM425","3PL",1.4534350306,-0.5562385806,0.2480551351
"ITEM426","3PL",0.1697332968,-1.3259250809,0.1791162084
"ITEM427","3PL",1.3102302705,1.8536968762,0.1224669872
"ITEM428","3PL",0.9669685416,-0.9809646514,0.2786886175
"ITEM429","3PL",1.440897299,-0.3005167128,0.2887391821
"ITEM430","3PL",1.2389329392,-0.1589197516,0.1986458431
"ITEM431","3PL",1.3653376099,-0.2075122968,0.2715810619
"ITEM432","3PL",1.0634896171,0.7675547021,0.351817415
"ITEM433","3PL",1.5328411088,0.3155398659,0.2736652823
"ITEM434","3PL",1.7982606872,0.2001613697,0.2318181122
"ITEM435","3PL",1.1422167211,-1.0565150774,0.1977884543
"ITEM436","3PL",0.5768323446,-2.9054075247,0.1549695792
"ITEM437","3PL",0.9516259367,-3.6298959017,0.1310197256
"ITEM438","3PL",1.0184181362,-0.247614929,0.1291696511
"ITEM439","3PL",0.6094661869,-0.4724318335,0.2003636394
"ITEM440","3PL",1.8334002595,-1.8966311983,0.2764196661
"ITEM441","3PL",1.4514782832,-1.8751896943,0.1535292769
"ITEM442","3PL",1.5593755024,1.2348190608,0.1859846518
"ITEM443","3PL",0.6347411196,0.8123250275,0.2367531017
"ITEM444","3PL",1.962296736,-2.3916688827,0.2061925184
"ITEM445","3PL",1.0150015353,-1.6688918899,0.2163592544
"ITEM446","3PL",0.5150919102,-1.9244420721,0.1544265744
"ITEM447","3PL",0.8459212616,-0.812172059,0.2221609933
"ITEM448","3PL",1.6193130519,-3.1846189665,0.1955020788
"ITEM449","3PL",1.312084123,-2.9599181747,0.1322897704
"ITEM450","3PL",1.331882952,-1.8645348496,0.1435435859
"ITEM451","3PL",1.323410967,-0.4401896564,0.2208664557
"ITEM452","3PL",1.4028239423,0.1675622006,0.194569642
"ITEM453","3PL",1.8145853789,0.4102637422,0.2377104187
"ITEM454","3PL",1.9752750264,-0.5670506991,0.1650897015
"ITEM455","3PL",2.2013432073,1.0621324671,0.239993427
"ITEM456","3PL",1.113673922,1.4244042742,0.298379499
"ITEM457","3PL",1.4510921199,-0.5925218975,0.2986289954
"ITEM458","3PL",0.8535236511,-1.9161096272,0.0629681255
"ITEM459","3PL",1.7811925492,0.4287551134,0.2092543976
"ITEM460","3PL",1.1953444687,-2.2614143405,0.1471044727
"ITEM461","3PL",0.9382795838,-1.1284216908,0.2559255158
"ITEM462","3PL",0.7441431975,-0.2719285748,0.1491791594
"ITEM463","3PL",1.6320989248,-0.5592815482,0.2006911297
"ITEM464","3PL",1.4329430947,-1.7978998663,0.1061870149
"ITEM465","3PL",0.869799095,0.4828862911,0.2758948712
"ITEM466","3PL",1.0301597191,2.3686538521,0.1164357872
"ITEM467","3PL",1.9241174482,0.6301345969,0.2457411267
"ITEM468","3PL",1.2008437182,-1.2455440464,0.1805605094
"ITEM469","3PL",1.4508737652,-0.8681988289,0.2884574653
"ITEM470","3PL",1.4565522605,2.0128584033,0.2911902034
"ITEM471","3PL",1.3687380122,-0.9445270007,0.3035884361
"ITEM472","3PL",1.0701108656,-0.2030280142,0.3332884118
"ITEM473","3PL",2.0533949962,-0.6467187584,0.3079672892
"ITEM474","3PL",1.6487711528,0.8445009444,0.3411283045
"ITEM475","3PL",1.0823114694,-1.1239576295,0.301766672
"ITEM476","3PL",1.6881966323,0.6288734556,0.1846998127
"ITEM477","3PL",1.6874057088,-1.5873959723,0.0921687765
"ITEM478","3PL",1.7472044453,1.1530372898,0.1404897069
"ITEM479","3PL",2.1226560273,2.175627856,0.3215687769
"ITEM480","3PL",1.1526251008,-1.7479968911,0.1386128434
"ITEM481","3PL",1.4428672097,-0.6052487754,0.2003768165
"ITEM482","3PL",1.3461544867,-1.0936553685,0.1332077611
"ITEM483","3PL",1.3208210252,-1.9735313342,0.1308858492
"ITEM484","3PL",1.4362946285,-1.7320427696,0.201852956
"ITEM485","3PL",1.0592079206,2.4302995982,0.3063658984
"ITEM486","3PL",1.2555471697,-1.7700881355,0.2026267791
"ITEM487","3PL",1.4646267596,0.3584078616,0.2778896236
"ITEM488","3PL",1.8924279397,0.0256513568,0.152336037
"ITEM489","3PL",2.1056901,1.4197208594,0.46551899
"ITEM490","3PL",0.9979133153,-0.9285020719,0.1517940062
"ITEM491","3PL",0.8665100165,-2.9571505304,0.1730634307
"ITEM492","3PL",1.7453771087,-0.191080734,0.3347734802
"ITEM493","3PL",0.7639733232,0.7291181569,0.1928194138
"ITEM494","3PL",1.9124499108,-1.7068609923,0.1738127167
"ITEM495","3PL",1.3894247057,-0.9993735974,0.2005285912
"ITEM496","3PL",2.0608489497,0.0410410516,0.1460988902
"ITEM497","3PL",1.2508712135,-2.0915608747,0.063102063
"ITEM498","3PL",1.0370524295,-0.7452398255,0.1567043761
"ITEM499","3PL",0.6262315695,-1.5507941083,0.2756002561
"ITEM500","3PL",1.2503392792,-3.0538679698,0.1378005344
"ITEM501","3PL",2.1765674648,0.14964397,0.177938793
"ITEM502","3PL",2.5523965778,1.8165276053,0.2635338294
"ITEM503","3PL",1.8174007896,-0.8177250285,0.3412432209
"ITEM504","3PL",1.0799986737,-0.3574641008,0.2686103511
"ITEM505","3PL",1.442789897,-1.4522185423,0.1567970813
"ITEM506","3PL",1.5751010651,0.4736110289,0.3610609144
"ITEM507","3PL",0.8249784326,-1.7815790953,0.2968617594
"ITEM508","3PL",1.5636938999,0.0361339923,0.2351441468
"ITEM509","3PL",1.8983056049,0.998332609,0.2662248097
"ITEM510","3PL",1.3511658167,-0.9198363069,0.2296289986
"ITEM511","3PL",0.9958006209,-1.4248589279,0.1169608864
"ITEM512","3PL",1.3686244969,1.3766127655,0.2099070952
"ITEM513","3PL",1.2671176815,-0.5662382537,0.1868847165
"ITEM514","3PL",1.3853189902,-2.584574429,0.2138276114
"ITEM515","3PL",1.5485642269,0.8365070308,0.3724309782
"ITEM516","3PL",1.1801205967,0.0127631348,0.1366141008
"ITEM517","3PL",1.4432217402,-1.1214151929,0.0925526308
"ITEM518","3PL",1.7199771731,-0.5033665357,0.2153166133
"ITEM519","3PL",1.661937431,1.4742960741,0.4062607687
"ITEM520","3PL",1.7839721375,-1.4804975815,0.3380142472
"ITEM521","3PL",1.6881981902,0.043115264,0.248046855
"ITEM522","3PL",1.3696503047,-3.0539899217,0.1653664995
"ITEM523","3PL",0.9594488383,-1.3940014681,0.2030693395
"ITEM524","3PL",1.0070284493,0.4622430137,0.1831095481
"ITEM525","3PL",0.5068704176,-1.5098076888,0.2089599724
"ITEM526","3PL",0.3164499891,0.2843843059,0.1243301944
"ITEM527","3PL",1.7419628888,-0.8720982509,0.1375827781
"ITEM528","3PL",1.0238632701,-0.8484510795,0.4443052983
"ITEM529","3PL",2.5020248628,2.8159895335,0.2786798168
"ITEM530","3PL",1.5643209634,-0.5925664657,0.2862448396
"ITEM531","3PL",1.3902049804,-1.611175571,0.271202481
"ITEM532","3PL",1.7516773738,0.8595626686,0.2049716774
"ITEM533","3PL",0.367519642,0.5912281886,0.2016877006
"ITEM534","3PL",1.396341879,-0.8724310363,0.2910921873
"ITEM535","3PL",1.4074153772,-0.4470142522,0.2649285547
"ITEM536","3PL",0.9556690299,-0.5916879896,0.2351868765
"ITEM537","3PL",1.5448231436,0.2057124536,0.1061290777
"ITEM538","3PL",1.6425589224,-2.7124587206,0.1865282265
"ITEM539","3PL",1.365116876,-1.4158329922,0.2756361609
"ITEM540","3PL",1.2865593332,-1.8509325226,0.316774294
"ITEM541","3PL",1.2184452771,0.9716518787,0.1872990537
"ITEM542","3PL",1.5842289051,-0.3958661883,0.2550914535
"ITEM543","3PL",1.0055112958,-1.1871289936,0.10548998
"ITEM544","3PL",1.2122384676,-2.0702565503,0.2510984599
"ITEM545","3PL",1.0937217566,-1.2408807408,0.1458939624
"ITEM546","3PL",1.3254125212,0.2119690669,0.2551770482
"ITEM547","3PL",1.4095555472,1.2192140484,0.2276230702
"ITEM548","3PL",0.8546828869,-0.5048784771,0.2325399779
"ITEM549","3PL",1.7292672934,0.6908431352,0.3213376959
"ITEM550","3PL",0.9074755182,-0.2404487797,0.2358443108
"ITEM551","3PL",0.7872869409,-3.1736302116,0.1775375849
"ITEM552","3PL",1.6500721108,0.4896421134,0.2002406263
"ITEM553","3PL",0.9182998635,-1.5835128634,0.1565187015
"ITEM554","3PL",1.3732257246,-1.0917856068,0.1981592587
"ITEM555","3PL",1.3882787648,0.3857500355,0.3034501748
"ITEM556","3PL",1.3471623302,-1.0157057602,0.2114819839
"ITEM557","3PL",1.2122763853,-0.0430974276,0.1755016082
"ITEM558","3PL",0.8356657377,-1.6962174564,0.1022125715
"ITEM559","3PL",1.0780094406,-2.1238655439,0.1785514291
"ITEM560","3PL",0.6513511122,-0.0715592148,0.2289539027
"ITEM561","3PL",1.9194512227,0.7974251039,0.2196115459
"ITEM562","3PL",0.6130664272,-1.1333455415,0.1723659544
"ITEM563","3PL",1.1254749975,1.9053032257,0.2706389991
"ITEM564","3PL",1.2906405757,-0.3327997958,0.2505381591
"ITEM565","3PL",1.1637290629,-2.8418879722,0.1954119928
"ITEM566","3PL",1.1219285495,-0.6932560198,0.1351122829
"ITEM567","3PL",1.0803444928,-1.3592635913,0.2632532073
"ITEM568","3PL",0.9954798617,-0.1120494898,0.1595448864
"ITEM569","3PL",1.2102238728,0.2974895111,0.1846454127
"ITEM570","3PL",1.8579187167,-0.7546325571,0.1505907287
"ITEM571","3PL",1.509393656,-0.924809496,0.2158162335
"ITEM572","3PL",0.9197924339,-0.1709023421,0.1714562753
"ITEM573","3PL",1.0316304177,0.829411929,0.2726967942
"ITEM574","3PL",1.0871809164,0.1699071973,0.1500994514
"ITEM575","3PL",1.2651257811,-1.8225233915,0.1559476178
"ITEM576","3PL",1.1737617601,-1.5821382783,0.2615924975
"ITEM577","3PL",1.9262401753,0.060665055,0.1400208044
"ITEM578","3PL",1.31421321,-0.6102948988,0.3179548747
"ITEM579","3PL",1.2715161132,-1.1171220896,0.2242857943
"ITEM580","3PL",1.0266036528,-0.9310163628,0.1856382862
"ITEM581","3PL",1.5808345492,-1.6605293932,0.1210060562
"ITEM582","3PL",1.1912322668,0.2322973028,0.1679227365
"ITEM583","3PL",1.3828756906,0.597242104,0.2315488836
"ITEM584","3PL",0.5243275837,0.0165500839,0.145001322
"ITEM585","3PL",1.5317626833,-1.8646149621,0.2252682783
"ITEM586","3PL",0.8294590809,-0.7602947003,0.1307972514
"ITEM587","3PL",0.6949819034,-1.7920995557,0.1307473629
"ITEM588","3PL",1.935163594,-2.8686876456,0.1590209967
"ITEM589","3PL",1.3109389525,-1.6445844656,0.1763357677
"ITEM590","3PL",1.7624555945,-0.6871068432,0.2158464866
"ITEM591","3PL",1.399378316,-0.9809129731,0.2216224012
"ITEM592","3PL",1.6934447244,-1.4553787993,0.1368402662
"ITEM593","3PL",1.2491030583,-0.8100644125,0.2093205365
"ITEM594","3PL",0.9195577532,0.3463108598,0.2436437272
"ITEM595","3PL",1.8941050191,0.3050739524,0.1371950347
"ITEM596","3PL",1.3922681786,0.2729964367,0.1780741267
"ITEM597","3PL",0.9785897472,-0.7939179807,0.1486228397
"ITEM598","3PL",0.9160944744,-1.2699956856,0.218421241
"ITEM599","3PL",1.3892088823,0.0188304472,0.2184480132
"ITEM600","3PL",1.2509489758,-0.3863538049,0.1937388595
"ITEM601","3PL",1.7672337443,-1.1643946821,0.1895392151
"ITEM602","3PL",1.2122074439,-1.8866823205,0.1213604805
"ITEM603","3PL",1.5499668328,1.9806449768,0.2990181892
"ITEM604","3PL",0.7524192329,1.4192590953,0.123656962
"ITEM605","3PL",1.4278691528,-0.8627412818,0.1289944047
"ITEM606","3PL",0.47253909,-1.4710007265,0.1732445505
"ITEM607","3PL",1.5908661332,-0.7287851238,0.1885719519
"ITEM608","3PL",1.4457028724,-2.4563032408,0.2508778439
"ITEM609","3PL",0.6282476175,-2.8755868576,0.1156028593
"ITEM610","3PL",1.3637787575,-1.894661056,0.1042496467
"ITEM611","3PL",1.4632761293,-0.5849315952,0.15735612
"ITEM612","3PL",0.7935814032,-1.0071657817,0.1974895743
"ITEM613","3PL",0.773871573,0.96170476,0.1674399729
"ITEM614","3PL",1.1035578502,0.7586625974,0.1196347537
"ITEM615","3PL",1.0550352224,-0.8274361715,0.3279564322
"ITEM616","3PL",1.8840489424,-0.9964014445,0.1649712451
"ITEM617","3PL",0.8096778587,-0.261382149,0.2993904086
"ITEM618","3PL",0.9437652795,-1.548435235,0.3167562524
"ITEM619","3PL",1.5913762976,1.0252057477,0.2244117302
"ITEM620","3PL",0.9236399356,-0.6024022801,0.2049580277
"ITEM621","3PL",1.4273371547,-1.4579403253,0.179901053
"ITEM622","3PL",1.376310425,-1.6206844865,0.1688042997
"ITEM623","3PL",0.9937290078,-1.3943803384,0.1534721887
"ITEM624","3PL",1.252004903,0.9055265904,0.1096460951
"ITEM625","3PL",1.5222649377,-0.4717021003,0.1428160871
"ITEM626","3PL",1.6352105521,-0.7371753334,0.3313807797
"ITEM627","3PL",0.8180622204,-0.3377901522,0.1765672668
"ITEM628","3PL",1.4344052235,-0.8183714403,0.2506842654
"ITEM629","3PL",1.7534219233,0.0681822155,0.240374473
"ITEM630","3PL",1.1824106604,-1.346583759,0.1445758582
"ITEM631","3PL",1.3173416076,-0.4297951066,0.2621685399
"ITEM632","3PL",1.3336138906,-1.4118056668,0.216251918
"ITEM633","3PL",2.2797173837,2.1037700092,0.224075928
"ITEM634","3PL",1.2859990972,0.3604739148,0.2252528072
"ITEM635","3PL",0.4274230334,-0.6520663357,0.163400521
"ITEM636","3PL",1.237863766,0.8448128425,0.2316615152
"ITEM637","3PL",0.325720195,-1.4258881196,0.1359315183
"ITEM638","3PL",1.383641333,-0.3755846455,0.2371533407
"ITEM639","3PL",1.7444761349,-0.3263026073,0.2314062062
"ITEM640","3PL",2.2915676877,2.0365198329,0.2750934293
"ITEM641","3PL",1.6597474677,1.0441866561,0.1972839728
"ITEM642","3PL",1.6448343646,-0.0347829414,0.3195302151
"ITEM643","3PL",1.0173840039,-0.4660074169,0.2064572747
"ITEM644","3PL",1.5116720359,-0.5135716875,0.2229020897
"ITEM645","3PL",1.4945256045,-0.5160836995,0.1432611408
"ITEM646","3PL",0.8197187107,0.3178382717,0.1874785387
"ITEM647","3PL",0.4532441271,-0.0442564015,0.1594637013
"ITEM648","3PL",0.7818681323,-1.0514632773,0.2619481392
"ITEM649","3PL",1.8505270941,-0.4744278455,0.1890681539
"ITEM650","3PL",1.1534808319,-2.1229324523,0.111591438
"ITEM651","3PL",1.7212856592,0.0489798085,0.1263407843
"ITEM652","3PL",1.0850949381,0.0605746524,0.2679683848
"ITEM653","3PL",1.2041740221,-2.1011457481,0.2105710272
"ITEM654","3PL",0.6849187882,0.5093531605,0.2010344812
"ITEM655","3PL",2.0454249595,-0.2243202518,0.1575096478
"ITEM656","3PL",1.2117938262,-0.3507764009,0.2200557126
"ITEM657","3PL",1.5174367898,1.0433047255,0.33619732
"ITEM658","3PL",1.5371089896,1.6287515728,0.1194673582
"ITEM659","3PL",1.3001782504,0.3425255103,0.184458075
"ITEM660","3PL",1.103462143,0.1017963979,0.4159286427
"ITEM661","3PL",1.6702057474,-0.3259514556,0.1423023693
"ITEM662","3PL",1.3600532882,0.766526498,0.4519978656
"ITEM663","3PL",1.2116899392,0.376692701,0.167233206
"ITEM664","3PL",1.6792192328,-0.4414894509,0.2724807754
"ITEM665","3PL",1.2938826294,1.1595459288,0.3507437718
"ITEM666","3PL",1.7066054865,-0.8327147212,0.2033229991
"ITEM667","3PL",0.9474925734,-0.8181307484,0.3052682867
"ITEM668","3PL",1.4593584312,-1.0627711129,0.169351263
"ITEM669","3PL",1.0583872039,-1.7889868708,0.1310053108
"ITEM670","3PL",0.6781554919,0.532233855,0.1779124783
"ITEM671","3PL",0.8940661636,-0.5849346771,0.3185909266
"ITEM672","3PL",1.0556761701,1.081585093,0.1899732692
"ITEM673","3PL",1.4947164993,-0.0051413988,0.2732457932
"ITEM674","3PL",1.362145512,-1.3084254079,0.1348303853
"ITEM675","3PL",1.2221787042,-0.9480757951,0.1702126353
"ITEM676","3PL",1.8025089801,2.0126362424,0.3308111796
"ITEM677","3PL",1.3469167013,-0.7550863572,0.1317369388
"ITEM678","3PL",0.5285396848,-1.6766973561,0.2895818334
"ITEM679","3PL",1.4369372505,-0.377858162,0.2463615192
"ITEM680","3PL",1.024380284,-0.6707193892,0.1565618826
"ITEM681","3PL",1.3699470375,1.0295554143,0.1977756413
"ITEM682","3PL",1.0269768446,0.3544035872,0.2523351245
"ITEM683","3PL",2.140647068,0.2965279502,0.1458522837
"ITEM684","3PL",1.6156998314,-0.972740742,0.2401861315
"ITEM685","3PL",1.1689713725,0.3987160731,0.3074074935
"ITEM686","3PL",2.0411342276,3.1059170629,0.3267390711
"ITEM687","3PL",1.158497572,-0.1301208418,0.1526173036
"ITEM688","3PL",1.7730114137,-2.0366322777,0.1169230355
"ITEM689","3PL",1.3852498964,1.336825245,0.1146389131
"ITEM690","3PL",1.3982417343,2.2691602386,0.1924274009
"ITEM691","3PL",1.0706753603,0.5696782131,0.2641500098
"ITEM692","3PL",0.8635125739,-1.6456594287,0.2811969739
"ITEM693","3PL",1.1201798816,0.2844979056,0.196930428
"ITEM694","3PL",1.6288371579,-0.4329366657,0.2048198487
"ITEM695","3PL",0.9798147585,-0.0195917967,0.2494873459
"ITEM696","3PL",0.8500399079,-2.5482304923,0.1532107287
"ITEM697","3PL",1.2238016629,0.5811110595,0.2592954182
"ITEM698","3PL",0.4249620261,-0.6644903036,0.1985821564
"ITEM699","3PL",1.0474225251,-0.8315708254,0.1968471204
"ITEM700","3PL",1.1301284287,0.824676088,0.2725362763
"ITEM701","3PL",1.5574867435,0.4389760893,0.1982225015
"ITEM702","3PL",1.0227310294,-1.0353924454,0.1683251118
"ITEM703","3PL",1.4974613434,0.538181676,0.2492302276
"ITEM704","3PL",1.8205241965,0.8101192466,0.2008197355
"ITEM705","3PL",1.5209243321,0.0897546484,0.2413300686
"ITEM706","3PL",0.6364618685,-1.0908302742,0.2181348452
"ITEM707","3PL",1.1348440997,-0.7228991613,0.1989839226
"ITEM708","3PL",1.7464827235,-0.5367189248,0.299094753
"ITEM709","3PL",0.5802050395,-1.8385914803,0.1411855719
"ITEM710","3PL",1.4244840472,-0.3007620092,0.2486798015
"ITEM711","3PL",1.7626583016,-0.0049589006,0.1042104671
"ITEM712","3PL",1.6120675902,-0.3707304819,0.1267714708
"ITEM713","3PL",0.9841175129,0.5088938961,0.3234761436
"ITEM714","3PL",1.224919521,0.2346945557,0.1595272382
"ITEM715","3PL",1.1433664803,-0.2331025287,0.2963895776
"ITEM716","3PL",0.8745011559,-1.348025822,0.2718431105
"ITEM717","3PL",0.7193480852,-0.8837169339,0.1653653895
"ITEM718","3PL",1.0689825702,-2.9387839025,0.2119950033
"ITEM719","3PL",1.0713260336,0.1713687239,0.1238282443
"ITEM720","3PL",1.0247132775,1.0581715766,0.1472393142
"ITEM721","3PL",1.0669227532,-0.7180300226,0.2171574518
"ITEM722","3PL",1.6665677507,0.226392789,0.1429973801
"ITEM723","3PL",1.6347471306,0.9901496344,0.3595899593
"ITEM724","3PL",0.6350346049,-1.3672440392,0.1430463177
"ITEM725","3PL",1.5305540501,-1.3462311835,0.2469962384
"ITEM726","3PL",0.6237516321,-2.6520001839,0.1490569413
"ITEM727","3PL",1.6542357246,0.786642217,0.2773492676
"ITEM728","3PL",1.1879064729,-2.0224391973,0.1364398569
"ITEM729","3PL",1.7492239432,1.0713344365,0.2661273774
"ITEM730","3PL",1.3922631682,-0.4443738176,0.2621194278
"ITEM731","3PL",0.8522896334,-3.4976664425,0.160268804
"ITEM732","3PL",1.7052546037,0.2845189745,0.3026674376
"ITEM733","3PL",0.8440513046,-1.4479461437,0.151331147
"ITEM734","3PL",0.7011414792,-1.5663878595,0.2884562528
"ITEM735","3PL",0.9811861836,0.4805554113,0.2341304056
"ITEM736","3PL",1.7828707645,0.6556867916,0.2220832383
"ITEM737","3PL",1.7318458273,0.1202838106,0.1436385204
"ITEM738","3PL",0.7630497064,-0.7877453792,0.2220293808
"ITEM739","3PL",1.0898988371,-1.6807869484,0.2051821798
"ITEM740","3PL",1.1573454877,-0.1440797463,0.2048550997
"ITEM741","3PL",0.7708790943,-1.819199901,0.2466245507
"ITEM742","3PL",0.9712319071,-0.4794125524,0.2805294592
"ITEM743","3PL",1.531946971,0.0991313261,0.3201632601
"ITEM744","3PL",0.9950066787,0.7690515785,0.1953173549
"ITEM745","3PL",1.23816324,-1.6078573452,0.2542132066
"ITEM746","3PL",2.3243868134,1.536237071,0.2616708962
"ITEM747","3PL",1.7833555537,0.5637308418,0.1905696261
"ITEM748","3PL",0.8089388955,-0.1952341393,0.2185294384
"ITEM749","3PL",1.5684663848,-1.1254134808,0.2074059307
"ITEM750","3PL",1.1679069182,-1.3707260781,0.2333156909
"ITEM751","3PL",1.3404633192,-1.2812977051,0.0815809618
"ITEM752","3PL",1.1858610617,1.928595172,0.2407420517
"ITEM753","3PL",1.1893156187,-1.7476141144,0.230493822
"ITEM754","3PL",1.5850862712,0.2896508018,0.4030092956
"ITEM755","3PL",1.5948171185,1.3608320747,0.2878612472
"ITEM756","3PL",2.2131949512,-0.3156612466,0.1033669745
"ITEM757","3PL",0.7443671807,-0.8009745198,0.2528079499
"ITEM758","3PL",1.5745804541,-2.5954560155,0.206305747
"ITEM759","3PL",1.2677246994,-0.9512238295,0.154931396
"ITEM760","3PL",1.746865637,0.8085557053,0.2158969706
"ITEM761","3PL",1.4952162901,0.4560902328,0.1898533382
"ITEM762","3PL",0.884237448,-2.802385191,0.1115571549
"ITEM763","3PL",1.3391634345,-0.4216797308,0.097987344
"ITEM764","3PL",1.2804304416,-1.3440918369,0.2692977757
"ITEM765","3PL",0.6542197605,0.2202126041,0.1949425975
"ITEM766","3PL",1.8935429969,1.0532755748,0.2014617203
"ITEM767","3PL",1.2342097488,0.8964173549,0.3188825762
"ITEM768","3PL",1.5334632139,-0.6722632945,0.2506708206
"ITEM769","3PL",0.5050042348,0.2619977813,0.2398639424
"ITEM770","3PL",1.1490793397,-2.4903771752,0.2735266126
"ITEM771","3PL",1.654674464,1.0175386923,0.2291354097
"ITEM772","3PL",1.4127750811,0.6009708818,0.2141586018
"ITEM773","3PL",1.4396359654,-0.3204759987,0.1267055887
"ITEM774","3PL",1.3237121153,-0.5307015086,0.2341302302
"ITEM775","3PL",1.7304535517,2.0033135984,0.2723352375
"ITEM776","3PL",1.0010786149,0.8849508909,0.2794835486
"ITEM777","3PL",1.1115901931,-1.3726835506,0.1388993256
"ITEM778","3PL",1.749535189,0.1452085837,0.1883530713
"ITEM779","3PL",1.2260287476,-2.3346683913,0.1694955554
"ITEM780","3PL",0.3057203769,-1.2127248898,0.3009465127
"ITEM781","3PL",1.3331297047,-0.0864427292,0.1425793447
"ITEM782","3PL",0.9869817439,-0.3176789692,0.243323996
"ITEM783","3PL",0.798424366,-0.454277079,0.1694041388
"ITEM784","3PL",0.2821532567,-0.9157637121,0.1999898486
"ITEM785","3PL",0.9954925762,-2.6711975954,0.1355151479
"ITEM786","3PL",1.1690615619,-0.4436706238,0.182144124
"ITEM787","3PL",1.0750759167,-0.3711467112,0.128406788
"ITEM788","3PL",1.3474130096,0.677707305,0.1552489061
"ITEM789","3PL",0.7334098897,-0.3114514229,0.3624966486
"ITEM790","3PL",1.6579093296,-0.1341055071,0.2745694775
"ITEM791","3PL",1.3224894113,1.5337687805,0.2226409519
"ITEM792","3PL",1.8433385397,-1.3954643813,0.3022257792
"ITEM793","3PL",1.016605562,-1.7551128104,0.236012713
"ITEM794","3PL",0.9016526282,-0.9182836138,0.1626751095
"ITEM795","3PL",1.5500502646,-0.7661306346,0.1339274047
"ITEM796","3PL",0.533835954,-2.4211753747,0.1360012058
"ITEM797","3PL",1.6916916715,1.1424699891,0.1693279093
"ITEM798","3PL",1.1501705176,0.2609819333,0.336458589
"ITEM799","3PL",0.8992214819,-1.5544499109,0.3419476797
"ITEM800","3PL",1.6983918284,0.4758437635,0.3747916451
"ITEM801","3PL",1.1295318887,0.0918278345,0.2813159562
"ITEM802","3PL",1.7900649446,1.2795511654,0.2260010964
"ITEM803","3PL",1.4146158192,1.7945116549,0.3804243149
"ITEM804","3PL",1.062599307,-2.3701674988,0.2057233085
"ITEM805","3PL",2.0934773984,-1.6108553486,0.1551691657
"ITEM806","3PL",2.08361021,-0.7044661259,0.2215622632
"ITEM807","3PL",0.956730881,-2.4401564838,0.1941184347
"ITEM808","3PL",1.1604409115,-0.5345727355,0.1142093418
"ITEM809","3PL",1.1916178973,-0.9142455385,0.0823213102
"ITEM810","3PL",0.8276313627,-1.4065665289,0.1993100778
"ITEM811","3PL",1.2110648458,2.4478728741,0.1537251026
"ITEM812","3PL",2.0996212,-0.207315447,0.240612399
"ITEM813","3PL",1.489308778,1.1617946648,0.2659016019
"ITEM814","3PL",1.0720003558,-1.2537642276,0.1419107683
"ITEM815","3PL",0.7283203392,-1.9727214033,0.2328906725
"ITEM816","3PL",1.3474549777,-0.3243513371,0.1905853619
"ITEM817","3PL",0.996307343,0.7525876848,0.1977051517
"ITEM818","3PL",1.1029343537,0.1847879214,0.1750313348
"ITEM819","3PL",1.0524984441,0.0176134131,0.2620352339
"ITEM820","3PL",0.9354700235,-2.2738361526,0.1446704186
"ITEM821","3PL",0.0441171111,-0.9039564001,0.137633385
"ITEM822","3PL",0.8844212999,-1.2623164238,0.2671152343
"ITEM823","3PL",0.4511478229,-2.7308096034,0.147032643
"ITEM824","3PL",0.9232132019,-2.3106018431,0.2239543076
"ITEM825","3PL",1.1386324902,-2.2205453513,0.1361837812
"ITEM826","3PL",1.5228953117,1.6007189816,0.3750348044
"ITEM827","3PL",1.0431263985,-2.2866255832,0.1452733834
"ITEM828","3PL",1.3841898276,0.2683288076,0.1278318424
"ITEM829","3PL",1.8841131775,-0.0326630146,0.1449282295
"ITEM830","3PL",1.217332725,-0.8097485992,0.2787115229
"ITEM831","3PL",1.2888231134,0.131749558,0.1262126881
"ITEM832","3PL",1.6148418573,-0.0962572516,0.2616101752
"ITEM833","3PL",1.49009509,0.3748055452,0.1719087909
"ITEM834","3PL",1.6412173912,1.9977982037,0.2688951832
"ITEM835","3PL",1.3762951737,0.8053595868,0.2930033449
"ITEM836","3PL",1.0256185205,-1.9342673279,0.226548191
"ITEM837","3PL",0.9112237349,-2.622909683,0.1263582021
"ITEM838","3PL",1.1128724819,-1.1904463968,0.1204280714
"ITEM839","3PL",1.1554721446,-1.1477254128,0.231738971
"ITEM840","3PL",0.9246505168,0.5903779574,0.2232128799
"ITEM841","3PL",1.7601038048,-0.3080502179,0.1925304981
"ITEM842","3PL",1.3767386064,-1.3052682881,0.1366255029
"ITEM843","3PL",1.5603116559,-2.3813979544,0.1320869229
"ITEM844","3PL",1.1318597189,-0.2767356275,0.2151534909
"ITEM845","3PL",0.9712993332,0.6976842189,0.2155329631
"ITEM846","3PL",0.6923090519,-0.5968319239,0.1164920276
"ITEM847","3PL",1.3463609005,-1.7448931623,0.2742806578
"ITEM848","3PL",1.795496973,-1.304268728,0.1140042196
"ITEM849","3PL",0.2369476445,-2.5155121299,0.3052548417
"ITEM850","3PL",0.7166157045,-1.3309756337,0.1055987185
"ITEM851","3PL",0.6649384886,-1.6307593575,0.2075573986
"ITEM852","3PL",1.2584014679,0.221604343,0.1592456597
"ITEM853","3PL",1.2570638622,-1.2134826654,0.108157282
"ITEM854","3PL",1.6326827231,-0.281481765,0.2649456516
"ITEM855","3PL",1.6747182437,-0.0989028193,0.1067193161
"ITEM856","3PL",1.1932422755,-0.6335497203,0.269745452
"ITEM857","3PL",1.4577667039,0.9607709387,0.3519576258
"ITEM858","3PL",1.8120952169,1.1077652028,0.4415680018
"ITEM859","3PL",1.7151221717,0.0585819627,0.4387458704
"ITEM860","3PL",2.0148179764,0.306958594,0.264763301
"ITEM861","3PL",1.0657629259,0.0632933992,0.2843463051
"ITEM862","3PL",0.6888011066,-1.8055461407,0.0723960879
"ITEM863","3PL",0.8565381593,-1.1705167161,0.1545423525
"ITEM864","3PL",1.2553328988,-1.3500724005,0.2401385275
"ITEM865","3PL",0.7522663245,-1.2839885043,0.2389772795
"ITEM866","3PL",0.447457928,-0.2854234757,0.1538907602
"ITEM867","3PL",0.4860660626,-1.6178704314,0.1308130243
"ITEM868","3PL",1.5846460637,-0.3771310306,0.3219573782
"ITEM869","3PL",0.7646129957,-1.1341826313,0.1537624458
"ITEM870","3PL",0.8621375935,-0.1007765739,0.1135267459
"ITEM871","3PL",0.985565114,-1.6951878529,0.1003716407
"ITEM872","3PL",1.2479063274,-1.0231355008,0.1386062324
"ITEM873","3PL",0.1505763999,-2.7495376234,0.2072895374
"ITEM874","3PL",1.7401317554,0.4932191652,0.2477109048
"ITEM875","3PL",1.6165325815,1.2660744121,0.1423846734
"ITEM876","3PL",0.8229341639,-0.7725257824,0.1215999985
"ITEM877","3PL",1.5539820687,-0.5784069829,0.3125184856
"ITEM878","3PL",1.2015814822,0.5713533222,0.1844762933
"ITEM879","3PL",1.0914810332,1.0213239998,0.3092269703
"ITEM880","3PL",1.3514148558,-0.624901944,0.1943098834
"ITEM881","3PL",0.8317028608,-0.3927984618,0.1275633816
"ITEM882","3PL",1.1019890452,0.4959866618,0.0928867186
"ITEM883","3PL",0.6281569439,0.8067588064,0.1155829514
"ITEM884","3PL",0.6107172947,-1.0576510949,0.1236034117
"ITEM885","3PL",1.7388516609,0.5231105661,0.1158274948
"ITEM886","3PL",1.470681408,0.1647405801,0.3077129494
"ITEM887","3PL",1.4143704756,-2.7173085231,0.2379740286
"ITEM888","3PL",0.8916195883,-0.3702566714,0.1808026527
"ITEM889","3PL",0.5928104983,-1.3950147883,0.3256801909
"ITEM890","3PL",1.0971247776,-0.4005583647,0.2202497596
"ITEM891","3PL",1.1985352764,0.144965437,0.119162353
"ITEM892","3PL",0.7982511779,-1.1130332483,0.1526323752
"ITEM893","3PL",1.3709681427,0.4045766137,0.2249400151
"ITEM894","3PL",1.0450937182,-0.0047166731,0.1322252044
"ITEM895","3PL",1.7080343288,-0.7510813726,0.1986143589
"ITEM896","3PL",1.7775562523,-0.3993159862,0.1750225485
"ITEM897","3PL",1.4831959238,-0.4706679667,0.3072470594
"ITEM898","3PL",2.7140962932,0.9851914834,0.2918900989
"ITEM899","3PL",1.3322340454,0.9114831302,0.2116192476
"ITEM900","3PL",1.3920008904,0.09542361,0.239132719
